,0,1,2,3
0,1.387021213021725,0.4268953263872327,-0.5417026542036384,0.04848320150989069
1,0.46230825188165997,-0.5569467375751902,-0.2051745776429869,-0.042829841899065295
2,0.9546214721640234,-0.10970115010664856,-0.14784839824582938,-0.0010675224444974477
3,1.0008158937576257,1.525088668288753,-0.05327085364321161,-0.20791602629710837
4,0.6268278348227563,-0.3024709315998573,-0.4093357696005473,0.23881089218327653
5,0.38354050384541943,0.6330265134431874,-0.1926167704143687,-0.2738597073735408
6,0.47017601882484117,-0.34386043545011985,-0.07822039827668145,-0.206359746110803
7,0.2823610901962452,0.37201070207543396,0.027127324199337548,-0.09529272635779358
8,0.5515123819332947,0.5886171041595586,0.03664842452883513,-0.3109832666940002
9,0.949181728009845,1.1567183409343693,0.386628818303649,-0.5160079068697166
10,-0.0824909722575899,-0.39856182072862517,0.23046625527253017,-0.13006917614738978
11,0.4363526665637347,0.03737264921319131,-0.05135949618511097,-0.17362625664523282
12,1.0182952483551777,0.29775389278816794,0.28085466870054954,0.8058328249456007
13,0.05099140241248005,-0.2027839872188128,0.13102378504096274,0.19033194674173906
14,0.7108226604384255,0.7460928929706261,0.13606007434299505,-0.2860299506410551
15,0.6344813961296084,0.48116441387585024,0.3100920985724719,-0.377159867625814
16,0.09721896580549326,-0.19223651145075904,0.07750146329686414,-0.17609412856137838
17,0.7393414867691182,0.2873930571741643,-0.007932823881057356,-0.23772847475569733
18,0.8640238683961166,-0.5269530923021206,6.16677008673162e-05,-0.12370231078274013
19,-0.14590327105789327,-0.02346442159931698,-0.2531884690075925,-0.057325456805130987
20,-0.2325977295356317,0.11798452862262138,-0.20039868384968784,-0.1309665334659579
21,-0.6065699865653718,0.2338749376926507,-0.276881045542215,0.0865729907903652
22,0.7579018266100717,0.5205934496152234,-0.33794321305702,-0.011978334398427808
23,0.7693626751734011,-0.7008502735571986,0.10384567958145148,-0.15206701300748834
24,0.8040197390625293,-0.12096471174853121,-0.016193142579133273,-0.24714685022363775
25,1.0517168000560286,0.3665164316579355,-0.34107104709178226,0.14403515213267754
26,0.6742746581112982,0.40459690037823004,0.08164154399451178,-0.4526885020227204
27,0.44593469652292855,-0.3002131426408809,0.035761202777399775,0.2666925288688758
28,0.7068617336416085,0.17381607734504,0.2246437104956564,-0.3664356445640842
29,0.28474071962866576,-0.21036338205537639,-0.2870076099293734,0.07930635047842363
30,0.9612633395084114,-0.040370277020062316,0.15744843766661248,-0.0252313270652074
31,0.3859199150258899,0.6369941915067248,0.0024773323110022605,-0.3208720225082897
32,0.7649703553225751,0.1044867403241291,0.09787001954207844,-0.06503292628472337
33,0.8382095336909903,-0.10016563833349897,0.10868872749633259,-0.3010652093951574
34,0.5431608079303524,0.16272287144301745,-0.1046069088327518,-0.35304574325642646
35,0.4823393934076032,-0.019030031666106388,0.03085710389921547,-0.23438353914260018
36,0.2305419064627868,0.14491241060314494,0.11391379057655189,-0.2049273106534913
37,-0.5579791013900035,-0.25037793200627656,0.07534901513714873,0.20220603135253168
38,-0.3383868079739801,-0.45856085007493225,0.21337223298996305,0.4093989850714378
39,0.2405918449314014,0.19499726380011234,-0.04230294735066668,-0.36786907174063993
40,-0.2639240682706638,-0.2521162025772804,0.13421614699782683,-0.1955959562250888
41,0.0226915239930421,0.39335974028965515,0.19994851261019697,-0.3044766949750129
42,1.2786850131780487,0.260544671525298,0.22063440664941747,0.3025082890822443
43,0.19164254543140727,0.20284380420925877,-0.002863399760136863,-0.2612013156560847
44,0.06466951652390146,0.0584873214214407,0.0650017223022782,-0.4291279242361538
45,0.90622736094725,0.04697840500817331,-0.27590552642901145,-0.14803891470624886
46,-0.7627986909995271,0.20576318841767982,-0.02105365838489919,-0.006912758290963036
47,0.33193291040261297,0.4014514518710003,-0.05743525912215898,-0.36807133834456934
48,-0.32115460275604046,0.05183552078324858,-0.19305789924559763,-0.16675810764070625
49,-0.17900181871485402,-0.16358654134000775,0.2002784139284732,-0.10443115542011051
50,-0.5829539329887363,-0.19214548451540395,0.12674267900528743,0.06877685948498122
51,-0.4319076285917891,-0.25377336128485184,-0.0678675913696037,-0.08024148653804031
52,-0.534651621606112,-0.09024990185876193,-0.07904995877625726,-0.021580085121193585
53,0.49863551611848106,-0.1301698660709115,-0.120010958079133,0.19629867657990316
54,-0.008639306098943911,-0.2717339078748838,0.11897040744491001,-0.2550211361018508
55,-0.4768412846179441,-0.0032524330009709172,-0.03608192446170206,0.045273274828733334
56,0.7682602519843901,-0.2809130804139894,-0.10849946069324859,-0.09645822371150473
57,0.3832276159735316,0.18893587974199105,0.06708549521674911,-0.20070657094826075
58,-0.62313858423963,-0.2977577570449404,0.020063761426772127,0.13162270630274783
59,-0.6914454569469273,0.3550532434844018,-0.30850109112123986,-0.1398964075134567
60,-0.5415609110123527,0.35964532448305997,-0.1793297577215208,0.23374313735015512
61,-0.5412589959080853,0.4240176582828478,0.1911526551443625,0.1211161639609386
62,0.6859926024225067,0.4943024573230094,0.09890351370520065,-0.009121136595212026
63,-0.5047241200258024,0.39213946270905403,-0.02798831417254178,0.4100709861091038
64,0.28863235547869837,0.28128653297022227,0.18478921973826617,-0.28793010773951244
65,0.3457785378505634,0.15465042538682475,0.15722234595464604,-0.18329530203588706
66,-0.49523590618663216,0.30541305341991587,0.2674552881161836,-0.0287314758405373
67,-0.5324745727372449,-0.11068355505315697,0.018499346942345563,0.0005625795441880555
68,0.43157828813635635,1.169438365752858,-0.011548087060268263,0.21559581447962406
69,-0.48595556424912656,-0.1551274748291211,-0.1525023938534921,0.019227924039817948
70,0.4847237060184525,-0.5872699217378156,-0.06691605059520629,0.004847983281231272
71,-0.31975074152775046,0.8546491707637268,-0.1803678433889158,0.5499371583591134
72,0.8664998722447125,0.18056135610003318,0.17159998457216427,-0.2656190153900563
73,0.010121472954924434,0.06363934660769559,-0.21878935690885465,-0.20658755023183556
74,-0.38420845213016164,-0.0893637774511369,-0.07074523707510146,-0.07611798794191799
75,0.21905905748665125,-0.2622897518081968,-0.07043408882545256,0.06487554009234944
76,-0.182544411916869,0.2371578539735699,-0.45832059737253744,0.2208859908870552
77,0.8837928253518308,0.1755809874956255,-0.34575203042533376,0.11538068235787656
78,1.7010059852204644,0.7018835955339511,0.05434285299332311,0.44589175630234834
79,-0.3075861490784888,-0.03170339078810946,-0.021667097195855627,-0.08372360069844967
80,-0.31190014125731663,0.2280721191678191,0.25265468760735366,-0.014599018350558162
81,0.22803680822815478,0.39388327001386203,-0.1522411825582573,-0.17573262541324564
82,1.7984115535646126,-0.2501916481772187,0.023523158730054786,0.08176167234129017
83,0.7973304570711688,0.05523016601508029,0.27030523849982324,0.37636787221622714
84,-0.34312370871996406,0.07492542490473332,-0.04667812182544403,-0.10787163199135388
85,0.5254431188880604,-0.23676535625898074,-0.060947816990124824,0.04431789546640994
86,0.07531871690098424,-0.013945628530303887,0.18648179920571345,0.16279578293123306
87,0.6553136296608805,-0.2954279737527209,0.06396449289516283,-0.1997413311948304
88,-0.1458666266675237,0.1202570480811517,0.19519653818218743,-0.04899643061689836
89,0.16043340370936343,0.14716054824569685,-0.2906440191562522,0.09272275196075133
90,-0.24166671927820768,-0.2452917092351748,0.17577604194707677,0.010144978186825042
91,0.1068469412564889,-0.0963911306435274,0.024969946815350762,0.0651335368963895
92,-0.3870301603060954,-0.40099002131517886,-0.10402983238166573,0.015479586790849747
93,-0.2904912172637053,-0.13522114163665844,0.013062391212646348,-0.03673971279800268
94,0.5001103822968919,0.13483286495560892,-0.09896571175309066,-0.07582626038362032
95,0.6883193659604375,-0.32106972541222395,0.12096511671917284,0.09266109202659256
96,-0.4505192795055139,0.015216490939360885,-0.06504635829335861,0.15731865578477802
97,-0.683918554115239,0.11738642742561374,0.17919457230223448,0.10487216771126254
98,-0.4104204720863699,0.07983361897775917,-0.29345107527839936,-0.1339981445230047
99,0.13862592335168059,0.08357092189916793,0.1340602694936792,-0.058637287683371085
100,-0.031286836432219925,-0.17068892543637118,0.2978324914110821,-0.10767975108594918
101,-0.8233112492418346,0.5118886026435439,-0.12440229984416022,-0.001050514948353524
102,-0.4896961203465342,-0.2075768573637909,0.2433849966936594,-0.08885735768515152
103,-0.33517656221502623,0.2819416638772503,0.0689391899402749,-0.1149668448576359
104,-0.5163583090029484,0.18020965521544038,0.04761865571191869,0.13484146429929478
105,0.5228168929491788,0.6323945239257438,-0.25383175200316926,-0.2496438697597639
106,-0.12981017185576701,0.27344415807023886,0.08205835531864515,-0.12521736495215305
107,-0.4236176153029624,-0.11622929500960574,0.04451278819285237,-0.20707761970452565
108,1.983290567906309,0.26970941304504503,-0.17836043262295,0.23703189417351223
109,-0.3328867787651917,0.1180329466702575,0.143707667524606,-0.23250660793819072
110,-0.48915778485974365,0.3258172175124884,-0.02541534777665592,0.17210731824616674
111,-0.06323697385176834,0.26073977710335955,0.09535695298791565,0.25366557613506585
112,0.49573677503303365,0.4696802511144801,0.030028543476109698,0.3640503821523545
113,-0.32495769570305305,0.4494213704947337,0.06074801168677764,0.237896078055067
114,-0.42578732218671006,0.4991091030838234,-0.18687273522991973,-0.20982763101963564
115,-0.338584801492903,0.048235949924821164,0.0758527627474032,-0.11926563310780858
116,-0.4898402594481749,0.4147929795865736,-0.11636473414731098,0.45003005200418666
117,0.5536716620505995,0.3071448736691771,-0.14416721680742,-0.2823808920160928
118,0.7920097087121873,0.4000826606248269,0.05306061657198181,-0.2261404497049009
119,0.14054671624159373,-0.38059467895676546,0.02699517373282038,0.10142082419409511
120,-0.4213190673175889,0.0869283181142763,-0.36277514535263683,-0.22264602110332593
121,0.5226609386949619,-0.18788265107852029,-0.13453676102564044,0.10421787618531286
122,1.8164566065237604,0.27340682590442905,-0.11434285154262736,0.899136267683163
123,-0.07158720159582978,0.01303633207776869,-0.4101863329415902,-0.03435785357107763
124,-0.2956710007466447,-0.13821522254300506,-0.034791733613083554,0.019592788875291093
125,-0.4545124483224222,-0.2707772652109039,-0.06516607246010303,-0.08456177601933926
126,-0.021519274946810784,-0.07823364378910523,0.27335353922307554,-0.3507091730781775
127,0.2908068462078864,-0.5234765745074647,-0.032857249228032646,0.15599672901805933
128,0.2153325760494872,0.18049384343275596,-0.26044022373626513,0.18346640706446543
129,0.8358975775080097,-0.16504499710419177,0.13754802670985591,-0.06934103461039542
130,-0.31748785892277986,0.18974705049997317,-0.2681603744911778,-0.06078849869829854
131,0.29631665096634,-0.09299810809442564,-0.09983750253585187,-0.14326174920004794
132,0.25618835139790846,-0.12513309864508973,0.10101709173711479,-0.14269798298750616
133,-0.025293401313537044,-0.21758403957659309,-0.2867705616392831,-0.025818944986518204
134,0.39452585416266195,-0.37770412195319364,0.08211650895390785,-0.1106503434671392
135,-0.27750037739639366,-0.0708525643255186,0.2521624178832198,-0.14239702502287221
136,-0.4479323030689014,-0.09092215066304721,0.08587457919187384,0.14691441220236262
137,-0.46570683677738667,-0.038230402876717154,-0.11818110969181503,-0.07556532251553014
138,0.41848802488887654,0.12904057484305106,-0.15168706251816222,0.4488718906435728
139,-0.3474152480575087,0.17536803798449552,-0.2705095591781036,0.18160818342519688
140,-0.831081476731608,0.07516636589773776,-0.3196145422437409,-0.03608391058174821
141,0.18757430769967723,-0.16457924874533922,-0.06417906849484813,0.06536653196997254
142,-0.4197998618746256,0.12038869980080728,0.06893207816021098,0.017378627839270272
143,-0.2458037027385753,0.011470057656286671,-0.14111068705094568,-0.14736851631636852
144,-0.6843549217719043,-0.14316919424102348,-0.06524214626882167,0.04938700962315154
145,-0.2531133861812755,0.4596131755992907,-0.2702844124329978,0.17919803194078474
146,0.33613815014283605,0.7023449101450743,-0.05206789918222616,0.014347231274845856
147,-0.028577755866615286,0.04245000892860503,0.09517949747348188,0.3080602464799687
148,0.015864264062957767,-0.03204373589714603,-0.24604104563376453,-0.09495739977674103
149,-0.4341457692001496,-0.3192833324513659,-0.05685600749291356,-0.05800584320085334
150,-0.29452409506878136,0.038707637140078174,0.004242279481406792,0.09760836238739101
151,-0.14268408565487592,0.9454180191888185,0.2662333248100032,-0.018315772276748913
152,0.6005251476999227,1.3880108619468106,-0.0247658713617008,0.9545467470344401
153,-0.5928797412945114,0.02636708691604853,-0.27426706962079034,0.014290100665674262
154,-0.1506024969771833,0.11974977188370972,-0.18012717592821012,-0.07526934494723504
155,-0.3635495484300097,0.004293332094741348,-0.006058888105345958,-0.09413679204502264
156,0.6023322483437201,-0.03181686042953955,-0.058402769750996904,0.2166506524915449
157,-0.10928916187636664,-0.460876423705027,0.13630579079223643,0.16123582150903376
158,-0.5351887401634512,-0.09707957045464986,-0.2519891078901615,-0.09443890787102194
159,-0.7274053383902299,-0.1654234881885495,-0.19841736987781528,-0.04693328111410703
160,-0.1957592371718614,0.22122562293215978,0.09093158429029105,0.1612099951802407
161,0.4832789758263656,-0.43535978967332295,-0.3286835944734354,0.388201105967711
162,1.0584106914000455,-0.19955174998954628,-0.19392823696909567,-0.10819850307163996
163,-0.24366011864209816,0.1629805932748658,0.1911687647777632,0.041624568298045096
164,0.9528141145845307,-0.6032272101307036,-0.068255434980216,-0.05123810035597786
165,-0.40825225690759925,-0.4175727091886628,0.04032539955749828,-0.033909772772119436
166,-0.6633103698728703,0.0201552613637055,-0.4381808764077194,-0.08280945393937524
167,0.20418735773530367,-0.30244898505735074,-0.021341604705261363,0.10973444232429502
168,0.7580923681258748,-0.17824004751042938,0.1493665355877034,0.09162039494905491
169,-0.2587683991607698,-0.26146111862008964,-0.10003632438813814,-0.018496081391994178
170,-0.37313195254500814,0.0172451948535095,-0.35193433404441793,-0.013728936378753056
171,-0.11869988694888321,-0.21664778366120832,0.08575033224273104,-0.13024143682450398
172,0.5154460400027302,0.2506756087173479,-0.4579334063457904,-0.12005141807394074
173,-0.6016001219512227,0.13239287115854212,-0.12876745627553643,0.3308022263519371
174,-0.7815193338186625,-0.05700310081200896,-0.04288373497577414,0.198073176023807
175,-0.8913094216675967,0.1270809818420533,-0.16981119731491431,0.059004707316999715
176,-0.0666547164027369,0.7823931710436463,0.14344597822280217,0.521458406641341
177,0.551528271096277,0.12265567272394814,0.017607442774588113,-0.10371059181393631
178,-0.7276879491982761,-0.5110584758714426,0.22488981186565077,-0.008340135321767854
179,-0.6299890987511444,-0.21199705397128293,-0.25216388343576657,0.06943818920613791
180,1.6783407025106332,-0.7303824106401172,-0.09176219804409572,0.01235392646548693
181,1.5181459782891424,0.19237084728164788,0.044636332284645926,-0.2572243812463939
182,0.18815530355970034,-0.21075791238683073,0.1163605763221946,-0.24010117641890222
183,-0.46766799864716174,0.01774079371166151,-0.15191935809370571,0.20942543174302802
184,0.017829644961963455,-0.10826442510456963,0.046395142939057624,-0.3182639496584916
185,-0.6951887731755347,0.07541007756423858,-0.06633158493901056,0.06378104037747338
186,0.2174720642121368,-0.47692570430668524,-0.11431314150386213,-0.2608663133719074
187,-0.40133611645598843,-0.04539845405652582,-0.12472136145264726,-0.07046680301979238
188,-0.5299569200371944,-0.017166840596824294,0.08696121776574474,0.034997259978020195
189,-0.5098469837986783,-0.1630496011619952,-0.12826213004934556,0.032834043197774596
190,0.8617235394160727,1.0564376415805075,0.3954775986656941,0.06035322980008924
191,-0.4002610893811685,-0.1258305706381898,0.10722577477460422,0.3753803486853425
192,-0.921913647759558,-0.10574740718165465,0.3232513808275035,0.4752725245123944
193,0.24292583824466776,0.41415271976993584,0.448838629411381,-0.21649823368423793
194,0.44773322619659633,0.24166637126229087,0.06312822740325541,0.020062474395313837
195,-0.40484145237180497,-0.15146930031030198,-0.09249690784161146,-0.037973140515917034
196,0.33112424100286664,0.31800280328490643,0.23575477604430703,0.07484379602861127
197,0.1536406132092144,-0.41693946569807194,0.05607888508766711,0.32015410577520115
198,0.6166916259337557,-0.31103828275464185,0.10963617504010473,-0.16215668388753204
199,0.3071565559241052,0.1297392035051811,0.009291316325578482,-0.4524477421147227
200,-0.2223450551450893,0.02581594226373852,0.0772492610288211,-0.0727319166328071
201,0.3756991404775421,-0.2805100656759723,-0.08217752957628317,-0.1378477813865332
202,1.5260967627422208,-0.0868348799486348,0.08476898553727738,0.112576057233565
203,0.705656590340259,0.5322392501467287,0.3158573674811304,-0.3406261025437864
204,-0.13180261395353593,0.11365576656717738,-0.03487521317253938,-0.07929872066359625
205,0.02624803688999248,-0.0785844548279078,-0.21835740367930775,-0.25222106008266737
206,-0.5713104842640577,0.1841795007004095,-0.0253573620603189,-0.01671893692644329
207,0.07274865362646361,-0.40500892621577256,-0.04765991309832048,0.060802409825684564
208,0.05938690869794735,0.317854238245337,0.11454801527493202,-0.2028423721090391
209,-0.2174809943031783,-0.3366011306221413,-0.34864640106727485,-0.15193613631058997
210,0.7332548198887112,-0.44305285389141913,0.023900279420304437,0.3155859037379751
211,-0.45621280668038106,-0.05671669698258562,0.0181633545103589,-0.1094886195140528
212,1.4655668753848674,-0.92713594210586,-0.3645254718601725,1.1455143679737154
213,0.34150412546069375,0.043820068890525046,0.23622293334549738,0.7532585787054586
214,0.3632859476624516,0.33334196553664647,0.2948650176016445,-0.0073882526386742035
215,0.2300672990919364,0.33385025455203365,-0.04798418483344565,-0.17351384336492892
216,-0.12149855428915135,0.2809483533102292,0.08086935155883672,0.060252656716325195
217,-0.535088826860081,0.10398674189896834,0.10686983148140386,0.21115038346530107
218,0.7426883404156287,-0.383404051867582,-0.012429047865685416,0.09492713587269758
219,0.7204636055765108,-0.6269216575415375,0.5538131839365075,-0.16691305303497528
220,-0.32535732550550317,-0.08903458101197491,-0.3248811988662393,-0.13796974321188596
221,-0.13229122599762294,0.08824932057406822,-0.3226626790252853,-0.08565928429902508
222,-0.5154557884317831,0.25135680749782424,-0.03750992833214304,-0.014087449080333036
223,0.3370588473188043,0.06170690001656119,0.03228135025324447,-0.29924368246883754
224,-0.3477125276927659,-0.21148387731772664,-0.06677314420096434,-0.086514012192978
225,-0.1367714625462906,-0.16582680766812993,-0.3223113436773563,0.06866320478354182
226,-0.621175547271661,0.08797601005248239,-0.15875629191790883,-0.08697207266438427
227,-0.005603163628989033,-0.07695190335968169,-0.23175938267126311,-0.11135869626076011
228,-0.1868191903648076,-0.018715865510018116,0.2528227331075073,-0.22228845239773615
229,0.46167098221721786,0.5625988922960609,0.0920173763901983,-0.2953332695893612
230,0.6885410441594277,0.07572658734257753,-0.20166139070382638,-0.29927468162404014
231,-0.6202304749352647,-0.20599397278026282,0.3917170539346859,-0.10612205108427249
232,-0.5829344301106331,-0.20596154585925,0.7097290486501763,-0.08305798552902018
233,0.617512197081136,-0.5603866289704363,0.2926624547061952,-0.0793046642939063
234,-0.643099606122579,0.1383959869263806,-0.12699541930790903,-0.026592459256718905
235,-0.3362857677697693,-0.21976370477784282,0.17754988921895987,-0.04716427845078083
236,1.3583115763873073,-0.5125655762537573,0.09466702573081504,-0.032289710457651055
237,0.4268575442742357,-0.6092898957003355,-0.015396358874946843,0.11668780340908495
238,-0.07026295114663078,-0.1781106029507878,0.5718066288712068,0.03958430464426769
239,0.6350494563778937,-0.25937630660028804,0.6329871725419174,-0.2517427491666861
240,-0.31261138546832273,-0.1687279178363475,-0.22041113327584486,-0.01048393901287969
241,-0.651249894321666,-0.254678020189315,-0.14709400409329865,-0.0868481184817467
242,0.11817079422448765,0.6556974387052885,0.12025612801553531,-0.05274277945856643
243,-0.3219133877376434,-0.2598306166661203,0.1532659051398301,0.13122693771619146
244,0.6382293322790941,-0.1610982597392869,0.1186172074213826,0.1298187214241391
245,-0.4260630652823446,0.22802271380131997,0.24392623178007897,0.19751980333540342
246,-0.4731780033707471,-0.20912594359960174,0.12245362522139519,-0.014672146844747087
247,0.166537879017523,0.33306828875442374,-0.2474316476900541,-0.15620693699327903
248,-0.4265181540059795,0.11003409237864119,0.36277833099315376,-0.1562297155261646
249,-0.3764363845918269,0.08078534579670574,-0.15687107869209668,-0.07114956218128458
250,1.103992040934369,-0.2637945163792251,-0.06823844701413208,0.1863872712578446
251,-0.4926444489828769,-0.07982248135411228,-0.0534108926660954,0.023816247479457046
252,1.1401054969968876,0.10962218948615819,-0.1442356909968797,-0.13401179643242161
253,0.33954554449045876,-0.22612408777702292,-0.16752602381492904,-0.17160107276305567
254,0.6735719760623686,-0.3590245102679724,-0.18867095974843326,-0.18927375263896531
255,0.09054850853068079,0.09691043721848001,-0.17140314324584843,-0.09240763079481548
256,0.9998954782288586,-0.21576554319996727,0.27122630136455045,0.04463559044386082
257,0.8079583714322826,0.5978329429034723,-0.24699922321845968,0.020173009170345906
258,1.223146819008914,0.5827575081783578,0.143677509452302,0.3900245193367117
259,0.6930890170017381,0.24138185817874866,0.6385965245856638,-0.530164329854324
260,0.6718142701738096,-0.4521060591599528,0.2613435570882016,-0.24987817786124283
261,-0.08653311684387137,-0.521018354527101,0.18112631453186476,-0.04861618592500839
262,0.42197599674380387,-0.18230457937597463,0.08346609021580009,0.3167692540820078
263,-0.20338525530836735,-0.43859140084479314,0.11613754619359754,-0.17209454101958882
264,0.37654085180426955,-0.2977231047907139,0.00024337894356382697,-0.29213502055602836
265,0.9918711248046773,-0.7778414022156288,0.5061521701897245,-0.03804840014385901
266,-0.3116878742778984,0.241042780053134,0.007129092036448465,0.1583052565130859
267,-0.3286756145300396,-0.19307882176924185,0.24970931148234546,0.11518044383527955
268,-0.3741652620971639,-0.016563558434276225,-0.05007062643059931,-0.029264060310913758
269,-0.22400822636996726,0.3806940559256854,0.09429805586920993,0.168877254101243
270,-0.6346702493293452,-0.4845012478631911,-0.09368842126675246,-0.012922821375338754
271,-0.4680207773417995,0.07356748964366727,-0.3147360537670299,-0.09593310762667652
272,1.1411640298413048,-0.38113456355640146,-0.042422057504759934,0.20433305399774113
273,-0.6253069907337172,0.18389465555852533,-0.0685367483553857,0.048940893651385764
274,0.11659770800188664,-0.47097798151442677,0.2525519944332903,-0.09569293853341204
275,-0.27172574828689045,0.09367653442289882,-0.08784974626417114,0.3584151933359489
276,-0.7114637032527729,-0.06797669745911335,-0.14442304524022234,0.06260498942941206
277,0.09904927835578939,-0.5365949989290582,-0.0838131324803188,0.022431830822318494
278,-0.4986442004429977,-0.378682612089734,0.030923932926939124,-0.04429508732085867
279,-0.24855344732348206,-0.11092055062477457,-0.17497383853964604,-0.05585164117693103
280,0.8414230420163038,-0.13613287604218569,0.19278581475865988,-0.21924506118348025
281,-0.4545388102689886,-0.03964270152821496,-0.17422579119216602,0.2369230614162587
282,0.7287059206804427,-0.2217944590468743,-0.11827800413246478,-0.18144331715660786
283,0.5111672468064086,0.13747474652689246,-0.11413662514000006,-0.14772541006010972
284,-0.22012712925431532,-0.043177314742330566,-0.09344940508882292,0.19579451059919223
285,-0.6660607275626669,-0.23189775269949564,0.030148175062008956,0.09866569559058803
286,-0.15777224984420612,0.18309201356077331,0.14075410298935712,0.10506922421882241
287,-0.6195768659535916,-0.30476252089702427,-0.27020006344575254,-0.008138688436710657
288,-0.1152597120868515,0.3916739909902331,0.08753915376908215,0.6188062929846938
289,-0.5018914145124692,0.0061103172477108446,0.12910573392351893,0.13667333776310783
290,0.21953582709017994,0.37102335659586455,0.052026377169392374,0.7706512911576117
291,0.003094784762633955,-0.10065091645874577,-0.026514116604581875,-0.1376360536082012
292,-0.2214872425146495,0.16412045584694315,-0.18083202528263462,-0.07496748061747367
293,-0.41501853838277797,-0.03754507675164295,0.019138035102663764,-0.09944720627183266
294,-0.4914312519797604,-0.09930286304317558,-0.26699516856290095,-0.06323160612597344
295,-0.48781840001509225,-0.21495134685017944,-0.28441274118695836,-0.01945435983433385
296,-0.751469379964057,-0.11298269891559733,-0.2517100381607384,0.16090031228279034
297,-0.4347009710045856,-0.10449214585874889,0.03689807021272065,0.1929541547215012
298,-0.37229680765708284,-0.3617075740251728,-0.004487606881133839,-0.12135925972488883
299,-0.5961423444267816,0.07219576463225978,0.12057161975046018,0.19279600662260726
300,0.9863948278601221,-0.14300847105432157,-0.1459610369189913,0.06611094174710536
301,-0.27866672585189134,0.04363912461883762,0.01797667508039916,0.15534022110847978
302,1.031916039056013,0.028929960968330375,0.0551258191299742,0.3043060219398846
303,-0.562711585934018,0.10776027501510162,0.04428515945679023,-0.01914394687625584
304,-0.5033686696224048,-0.035917903212477564,-0.02579492915535031,0.05631716639777768
305,-0.5088297782532221,-0.08356299337354194,0.3551553361520365,0.1088098320021658
306,-0.5901999326691328,-0.23008638077008997,-0.14932632596214224,-0.10975633608218804
307,-0.8715215460906142,0.058892646921452345,-0.06135368441848456,0.0856607448299521
308,-0.6865432601297926,-0.45618236326725575,-0.2479842463397356,0.014784909659856864
309,-0.6270248711880906,-0.36967812439005454,-0.2227493850586259,0.04258962653056253
310,-0.5224341048001565,-0.02352506910263173,0.0885494684350631,-0.04539865371195972
311,-0.46667173844937837,-0.4616034536682619,-0.12049789444926408,0.010851773073321908
312,-0.3490828207502809,-0.022500895882097676,-0.2748401209986345,0.0247821004650918
313,-0.6220991867304076,-0.029630951625908244,-0.39695438567811164,-0.06824397300071619
314,-0.7556077032587757,0.4837846107082251,0.1681564147179339,0.44390202211860896
315,-0.7115943212796444,-0.34014448188438307,-0.11863695582619334,-0.041438510142895985
316,-0.7292093552787487,-0.2701891805264464,-0.22905183273595062,0.04964290128797893
317,0.4154186583287514,-0.30625111393606436,-0.1604202961458001,-0.18375308983854016
318,0.06995950507412088,0.9050365473556825,0.06271513830743478,0.36484391478805933
319,-0.664621924573449,-0.2751647515891264,0.03690172081148839,0.36198892482233114
320,-0.2836292805473627,0.44249858124193453,-0.08139043509431346,0.15762111580798221
321,0.3615568054202999,-0.6197385057987854,-0.15537823942440032,0.08387879380126965
322,-0.24680811777846015,0.07688710736527014,-0.2214407537171444,-0.14452641930481455
323,1.2522504845851592,0.06580872610993875,-0.07264409120126639,-0.21602765699322407
324,-0.48002635268064603,-0.08999970705361791,-0.13298529497981387,-0.10198635334748522
325,-0.43902664990534823,-0.06508063461329396,-0.11548278455517466,-0.0508298546919155
326,-0.4518839327903387,-0.2748085733086608,-0.24590363167148804,0.0026327356253273825
327,-0.7012610453680046,-0.2677798971847202,-0.021619497393911394,-0.012835978340444844
328,0.408743806102867,-0.007488287037549911,0.020161732898204863,-0.12032670494975338
329,0.2863392916848347,0.09904138606948676,0.019040984274480352,0.2624231041058503
330,0.37578397310120365,0.00479961225018982,-0.22390244847426413,-0.17893446268384158
331,-0.1112566598850281,0.1684385695933168,-0.07689874881419613,-0.07667131988420978
332,-0.5770862283199665,0.09934408110998658,0.1379454725879586,0.15852758327370337
333,-0.6971937668046387,-0.11407851358270638,-0.08941041663713216,-0.04115784331578978
334,-0.5849471909318309,-0.16793217878184602,0.14605109178994477,-0.007604362619332246
335,0.523038421398004,-0.1973685053582232,0.13684664580604516,0.09554921981365927
336,-0.39137534284244385,0.10453025631858481,-0.25731422097423157,-0.006466380945327236
337,0.730548342951135,-0.1365917414641498,0.1494327182026912,-0.08433616236222324
338,-0.5128894753508538,0.16037655131440237,0.10342901671042093,0.002944399470431998
339,1.213004449452057,-0.685735231386038,-0.045002417165827015,0.03603142701935026
340,0.06583937893582659,0.05559576345567029,-0.1717111539444153,-0.09106937394108199
341,-0.33411965896985124,0.38753166639548914,-0.027892152996515245,-0.09262374671428254
342,-0.3167611892241228,0.26798051528654976,-0.1909649565572741,-0.1065746498095698
343,0.8382250293906901,-0.1959144871936876,0.18130479089209875,0.1254835047680398
344,-0.3741662417130825,0.13582051639304588,-0.24518875776307344,-0.0005112332989272555
345,-0.5083777953238392,0.37193874017282086,-0.0018219217232970136,0.41454738621820275
346,-0.5277037525645724,-0.10204130598461024,0.08448578675798075,-0.07381651615045717
347,-0.14233641467040786,-0.19031033678661732,-0.28493818381236125,-0.08476772850266091
348,-0.5047189223179182,0.05769566194801458,-0.13731950080395683,-0.12466653703163041
349,-0.3899477485074259,0.2166533357940054,-0.23165696767816976,0.09459552877027003
350,-0.6443304683643437,-0.2172976331075926,-0.10400111081199928,0.05448070677959198
351,0.9230844243865871,0.7110228125456134,-0.11370326354425961,0.2296008897378078
352,1.8260975939219832,-0.4258580500682663,-0.3876511851851968,0.05961855401979235
353,0.3016726603784944,0.030531384166304673,0.2528951459182892,-0.003606373556195408
354,-0.5675166238984296,-0.023035404501589096,-0.19797142811407373,0.2867296303354063
355,-0.19971535150308992,0.055589735759844196,0.01973248137757288,0.28322117627451376
356,0.01604235230412921,0.26244531497231144,-0.007348261428335417,0.1237093597029545
357,-0.4625391314570729,-0.2832628628284443,-0.008215998945970882,-0.01396016507191365
358,-0.5929182101578997,0.20513341330568208,-0.11289727239353314,0.32160986151518717
359,-0.5694295864469183,0.10595486050311238,0.037374358580486405,-0.0011910326285072051
360,-0.7139190320201423,-0.4119900648058872,-0.03362161711920177,0.08765746373009585
361,-0.3781318113584084,-0.18159628676006467,0.18715510673068214,0.007500101804405619
362,-0.3609488046967746,-0.032721543080246454,0.034973946257523175,-0.05692099504905166
363,-0.06977090973714868,-0.3222575688161822,-0.02339003275704982,0.02368588171947412
364,-0.4382864163743142,-0.21342538797109295,-0.11074228594049317,-0.1463447533501843
365,0.5171649936050363,-0.5513221664453796,-0.06326636487865886,-0.014435520958924936
366,0.939855012071346,-0.2178795474312711,0.23079039461148868,0.31268527588235023
367,-0.32410759523168,-0.03089902187768416,-0.04712458798224739,-0.1581949059912442
368,0.7948594934693768,-0.8841643559051294,-0.19592207888864646,0.1123704621286661
369,1.2136456760927603,-0.42355915756860746,-0.18713694789938684,0.04877561978558371
370,0.7094822492810238,0.1934002797848294,0.09937695957461395,-0.16696869862685693
371,-0.3231933278693258,-0.3002819844145007,-0.3344022191426222,-0.029007485785589673
372,0.7289336779222477,-0.28608577519506373,-0.2881772846196675,0.050725224464954824
373,0.6842007141058988,-0.49994069005905134,-0.2544581030821948,-0.125229942717876
374,-0.3751642800381386,-0.16689387298869596,-0.17063840954125498,-0.10297842827473938
375,0.050365731205897234,-0.020172509401444456,-0.2782249860464695,-0.08712227870318545
376,0.19493523499477142,0.814633115944585,0.025904188863675837,0.24962714989678467
377,-0.4313961927822554,-0.32589522721484687,0.4254088345572306,-0.14116681491871683
378,-0.22220330294218898,0.013378158234793177,-0.1942150664051495,-0.15356493798330698
379,0.6399631595937202,1.0088557942235463,0.061903203880834694,-0.6101604103718306
380,-0.13412504859726018,0.36567876429009316,-0.2663218327456676,-0.13476629245715813
381,-0.49918967566758926,0.042076925346444846,-0.11555858299440287,-0.036497229757045
382,-0.2366025172840245,0.07492274191818461,0.24963723327532658,0.1147580657444928
383,-0.11198542826586877,0.2778324270464104,-0.07367544519393536,-0.09732205696702058
384,-0.30643494694149914,-0.12056897117615877,-0.2660138923932662,-0.10343949182801249
385,-0.04176244437921731,-0.2074514926173537,0.22923250462819061,0.018422956931703257
386,-0.32768738345621545,0.0257270126207706,-0.1737834717788957,0.018920353764261218
387,-0.5115384651325566,-0.3761128608833953,-0.13200915700489474,0.02689069149801163
388,-0.21846884030213176,0.4000714269574789,-0.11162699110064254,0.2752280621993098
389,0.693236330313363,-0.13049546971063286,0.2000969124859915,0.4511959544482442
390,-0.5692632355794457,0.1412667881771667,-0.3248271206209932,-0.08664287269254298
391,-0.7108727648174571,0.325849558792588,0.06132944687439852,0.16790893290370676
392,0.6739094656431873,0.17186309641586398,-0.011362271456446568,-0.11797594984747799
393,1.3246780181293407,-0.041152476417761215,-0.107364830236819,-0.13399745763253904
394,-0.3228267610431866,0.07198330396032793,0.02700517701162425,-0.01765469262293294
395,-0.38987512933942536,-0.26785250329289106,0.029486661114097455,0.028064546953906765
396,-0.006816101147033074,0.049075079996102174,0.007158352060163017,-0.13934355667918336
397,-0.30768967434567773,-0.12333497325314535,-0.05062969410655774,0.1860655530625933
398,-0.5782451486260544,-0.04646395303535859,-0.1300263710395797,-0.12987173564481727
399,-0.4512816721054026,-0.02987893291033079,-0.00824455379043963,-0.0519915491355204
400,1.085815231714741,0.39364327231012164,-0.10642307331743642,-0.27007510971117255
401,-0.5031242711881458,-0.12701037782857985,-0.22797357895671036,-0.10605313426838571
402,-0.34086220612193624,-0.0821299743822759,0.05008243444348846,0.10483473555109633
403,-0.34748653637310684,-0.03267620463989283,-0.10863332263198597,-0.13867868119741444
404,-0.5874928558786866,-0.20291092824618878,-0.20011363538519203,0.17548534338754862
405,-0.3975503364417302,0.09673268902688424,0.07643590809744431,0.08090743065259583
406,-0.09094170694894507,-0.26948410045917015,-0.2671403245849092,-0.09359585741735046
407,-0.30986534053932113,-0.04147037511746605,0.21099476861233513,0.27252162879267583
408,0.5203099283098189,-0.12590014777972014,-0.10233924346885809,-0.11804690709189021
409,-0.3157500725679235,-0.039635945264002825,0.1218535753815316,0.015430991354886887
410,-0.41115461920274426,-0.046561872219181046,0.23404053088627377,-0.228202185093409
411,-0.4461789274218835,0.07366125517281717,0.005637557208320526,-0.11940653585389495
412,-0.6614612483072407,0.10511505712409433,0.2232639274857779,-0.02590933886957685
413,0.0476517373306386,-0.07992233233326351,0.1895538452549177,-0.07296335435150936
414,-0.1701031247943593,-0.3469306820746228,0.48050635514136053,0.07024957602224259
415,-0.32527850966966004,0.12100701929902972,0.10691380181429345,-0.02469345945775235
416,-0.5327107146826187,0.29463044397490473,0.35350638712932086,0.18868205384146083
417,0.7710553192598175,0.07766566121926281,-0.03008478067166267,0.14606866861612308
418,-0.4420011030423454,-0.023863150724700327,-0.2977835194616926,-0.07904784815857743
419,-0.5549924819404712,-0.018622422053097252,0.1977517453548261,0.003692241018419607
420,-0.35706394553170806,0.09266958242960123,0.1026984060967344,-0.012401072447169505
421,0.22855736174171074,0.3242180606137079,-0.232021998486223,0.2667906825362703
422,-0.23535593590371118,0.16789245651491658,-0.20869567608712405,-0.07895325308378572
423,-0.0008586269604082116,0.031084425254672633,-0.018586783671044993,-0.0993220722737706
424,-0.46239262635872586,0.35115895777920453,0.038777495200967925,0.23042137809199986
425,-0.7381341915413732,-0.06464657193881226,0.20779309208500732,-0.05879926226755128
426,-0.2765553252566106,0.3533574749673296,-0.1055246969712495,0.013006746897041397
427,-0.3969536240862394,0.05174586927850276,0.2671165265114891,-0.04300850310960806
428,-0.7063291131737849,-0.1343326823413162,-0.07990618343679194,0.022699819376351873
429,-0.5961238578278103,-0.30402837910069763,-0.06432461724959758,0.06090754041629602
430,0.8572976031395432,0.5002574107158356,0.025702429934776044,-0.15413573783275494
431,-0.19918609496980913,0.30824526307375005,-0.030092397565880297,0.06758923209864075
432,0.8296620102776783,-0.11927822248536211,-0.17097657178334205,-0.011856143095593175
433,0.6645885003247185,-0.14737944734454042,0.11582901044144843,0.16627801027864164
434,-0.29806223923941705,-0.26705358210575264,-0.1603323013120818,-0.040745812894420495
435,0.21530432613430273,0.11880748758750558,0.035114175592709136,-0.3520582755007226
436,-0.37052551020448543,-0.06000798187910911,-0.015431517017045374,-0.0495948752908282
437,-0.330886356970302,-0.19783893985695322,-0.1176294352011047,0.05370611951237146
438,-0.3978019837425512,-0.2879618690916263,0.12818186058715952,0.04629577591208994
439,-0.43909430121443066,-0.33046982115898244,-0.19083272496314832,-0.008380616038837855
440,-0.0553042182433555,0.3127011753155507,0.05434534077532793,-0.058063639373711104
441,0.43201169285164814,-0.2210266272986539,0.32206070761281513,-0.04570159137517534
442,-0.5360244114478375,-0.318659963089454,-0.21905468133585965,0.03410642362092061
443,-0.6721458779820713,0.020410863124611666,0.13660815740431628,0.24938194636939126
444,0.2737944767234453,-0.29207928982820847,-0.2174742695998719,-0.15587313432357855
445,-0.1939945873876468,0.14379525218381667,0.21039731728873431,-0.012404826567378065
446,0.6397823475820099,-0.19838506579860407,0.31444023454198855,-0.28029948882581485
447,-0.20905136189824525,-0.15204645938278058,-0.11955162402343306,-0.11819412176340445
448,-0.13517101996723885,-0.22226692863536515,0.09987646000201311,-0.07186160860448096
449,0.8205116727777705,-0.5340585133108112,0.006949093951315838,-0.05794687434402332
450,-0.23051655320058717,0.16173828544016108,0.2467839991471261,0.18457408386561594
451,0.48159653129601276,-0.38441556582213904,0.12917775924454628,0.04605854913135267
452,-0.35007039901501014,-0.039008796920986674,0.5150194511806182,-0.04194226220803561
453,-0.13951759471795722,-0.07529283082375791,-0.33207823999422054,0.008883406562599509
454,-0.38164440317109477,-0.1270479365518243,-0.11181803083463816,-0.17795442544212406
455,-0.2699242499345238,-0.24029994287841153,0.6072625526765396,-0.04574507446084196
456,-0.24428132228829852,0.0912424579163371,0.5935287574652682,0.01733082891291573
457,-0.39797638080004466,-0.2454242406408264,0.32942977721812394,-0.12361152612642583
458,-0.45957749392756153,-0.2974502613015681,0.28239686009603576,-0.0869062226849837
459,-0.633478338198583,-0.07811555411517243,0.5236761481412763,-0.058378519850585196
460,0.47958066377522346,-0.21644444427552914,0.23845095248296408,-0.004582911329868807
461,2.187956780817326,-0.878922713395625,-0.05551178484012125,0.6563878779114455
462,-0.3580610423741825,-0.3769323453899129,0.31205093983162985,-0.05098729198162286
463,-0.44230930145854647,-0.018781935870845288,-0.012706844618648504,-0.13363350582292746
464,-0.33869732925548823,-0.23839257015495247,-0.04390952403943731,-0.14288678749641293
465,0.16254325353926785,0.2652205832688485,0.06052851283651956,-0.11106848600675219
466,-0.03839917872081829,0.038355979045128503,0.03360460191345615,-0.10302388458700783
467,-0.6639547890463727,0.10710200782291124,0.0701815099064504,0.02605328807708092
468,0.8478825548091341,0.15771516286884926,0.10009868313368236,0.2389580463941544
469,0.05046247492891476,0.4838653401232561,-0.004333215281082124,0.03954516882042864
470,-0.4979702672543649,0.1972794194490517,0.0675161962136477,0.02089985344459875
471,-0.40237413214778217,-0.1634379698572271,0.4905569392160578,0.22292545610037212
472,-0.14242774216296095,-0.23643680751994162,-0.25933259007455617,-0.13700757268101885
473,-0.6223191399166492,-0.2473386491345627,0.7370539612942663,0.264313839343233
474,-0.3249987650949106,0.3013710269329077,-0.18103046080098695,-0.1959059239297639
475,-0.26035790491434385,-0.0090572943321577,-0.20563601201382606,-0.17656992216089182
476,-0.04841442359514624,-0.12174658869888895,0.06160598063710792,-0.07037345382582148
477,-0.43969686266463415,-0.3058588490490472,-0.10251653299052374,-0.09476454179127002
478,-0.36968253687488634,0.17946395651068267,-0.12421086473607885,-0.08247179093366516
479,0.6095614982462776,0.30567901757271415,-0.11236020751642808,0.10820730869278865
480,-0.44418481134217724,-0.07646589260743131,0.07396697166646886,-0.10445673316459013
481,-0.3416690406064321,-0.33556690506530196,0.03438066371877423,-0.09361793854376915
482,-0.12598711092269052,0.1055814327440106,-0.3107010450487696,-0.1926706306204509
483,-0.2961619881881989,-0.15822354339775446,-0.08889735108832704,-0.09486362422035984
484,0.10834816831959963,0.010574675245058437,-0.48308618009868426,-0.17614184891721954
485,0.2003481129281815,0.5428737627802382,-0.09565178901870329,0.3016386478230444
486,-0.27609665284537127,-0.3400989593724338,-0.03660634724606431,-0.11705211146819765
487,0.8587907057376004,-0.15935590329544685,-0.04668615434661827,-0.10917499164691637
488,-0.29670165824015876,0.14859481223817333,-0.13591166729826615,-0.019654119063971555
489,-0.06472030726542823,-0.3645944687085817,0.005895445028283541,-0.21037865952089513
490,-0.4326561596105841,-0.14187746958537165,0.2391659797034184,-0.17480202820164595
491,-0.18360634443996846,-0.6615270125718241,-0.2662020726579682,0.10231729757519537
492,0.4452992717952379,-0.18679060836620662,-0.040763404220773625,0.1785120030626816
493,-0.6728903088378702,-0.16899018266825946,-0.173390807675472,0.27320986053687285
494,-0.4541339813997512,-0.19186124279021208,0.17888072036575028,0.051716373050093765
495,-0.15836641843663168,-0.24017699453087774,0.10136022032795113,0.013497015028676788
496,0.0037064161028941126,0.26319980985905383,-0.13672236563797247,-0.24145571513084924
497,-0.32961940444898213,-0.07503097620921106,-0.058395481169670325,-0.21059834453056706
498,0.5702705151090274,-0.14075444397507736,-0.19329566407025925,0.10083366163705244
499,0.9060481863380678,-0.24270066623655953,-0.021096109716924688,-0.054979549915264
500,-0.04704912381014384,-0.08835685347154511,-0.20022695629068374,-0.00650080403956266
501,0.3817739544829084,0.4851203505219917,0.20843514122450169,-0.08891812013371723
502,-0.23864036090728064,0.21064625696268088,-0.1490252133448153,-0.01189015228846187
503,1.0950426387351098,-0.7364875532391673,-0.21627263303487143,0.2192288557958827
504,0.015352896076947096,1.1176759838127526,-0.3656681785774392,0.08535701776431003
505,0.03793846371055656,1.1186648833159885,-0.24751122097079822,0.13548279889910297
506,-0.2045132292544682,0.24577525830734995,-0.03110897000273128,-0.12855827807667278
507,-0.2592825070216073,0.5311718112989777,-0.1392851332427192,-0.01376333008288741
508,-0.08959355436079691,-0.26262867515588223,-0.2990604035716323,-0.06592037169030701
509,0.6787821683551059,0.415359748964719,0.2702080211866952,-0.0907443807833216
510,-0.30947039548176053,0.18652661546011337,-0.19733526005265759,0.06089249539923093
511,-0.3771158688352585,-0.33399961450598586,-0.25412721381546544,0.018334149322555397
512,0.40301930631161387,0.3560751007233355,0.007771283227643618,-0.2613481368319173
513,-0.1489330017630602,-0.1838040817817522,-0.313047277643467,-0.01632723195740957
514,-0.056785751924083444,-0.25149680459081775,0.03320440514927205,-0.07253674626040545
515,-0.3678881387918849,0.12906863993651585,-0.050685464799178535,-0.049634818344598514
516,0.495771236640058,-0.2391171878572935,-0.09328415130521843,-0.0808065482930686
517,0.6151535255374981,-0.30690348232918496,-0.13079636080381365,-0.09418078031909277
518,-0.05129241688694079,0.2078768306650841,-0.08403217390294311,-0.044934047058139935
519,-0.22622313721345916,0.1546038589417501,-0.1465716150849736,-0.05280911133640096
520,-0.34448736402179836,0.68692377322479,-0.24844670160686355,0.09544682620309418
521,1.4104195744484926,-0.4307372724168171,-0.18570624484076176,0.08292263082910621
522,-0.6812560502342795,-0.11612332148960054,0.09479732799076168,-0.0782393069091881
523,-0.0851203209307657,0.0965710375695141,-0.0113027310041485,-0.06673328742127399
524,-0.526485985512175,0.1911726600401824,-0.046944012613238266,-0.05566423323835407
525,-0.5458654766738468,0.4079727031457838,-0.23311478545709285,-0.21127563780444414
526,-0.06551757534222058,0.07493094529283718,-0.08863705634109184,-0.3540428695468181
527,-0.4054738884747882,-0.08454788429497753,-0.2809062047321967,-0.24278469680961925
528,-0.04859371363082037,0.1637182218101378,-0.23733602834707573,0.4072347921995005
529,-0.3828674340465516,0.10707411372056234,-0.3380174638712691,-0.09774985494818607
530,-0.2525988705865598,0.08540765226539015,0.07114369261189504,0.0382731154898266
531,-0.26800488021112256,0.15859160718549542,0.07452760786515145,-0.27487452473302193
532,-0.35851271542752744,-0.1873686850440565,-0.1984612384706158,-0.1926741080090985
533,0.637183400020214,-0.4184230563556503,-0.008710435514581881,0.2548985262419927
534,-0.3345598871495204,0.19965412425690438,0.0660793577963319,-0.0240804979154872
535,0.908285234988655,-0.27598433675657286,-0.15497999458452083,0.044992863742374094
536,0.14511965744467642,0.059739552824909996,0.24947960928997615,-0.084192966313255
537,-0.0004182773416351907,0.49604641892209234,0.2570793794957045,-0.040693020504482744
538,-0.7826660036457823,0.2800110051223854,0.377002779652099,0.06399971173896613
539,-0.34269818894974574,0.7265727519034255,0.38641065876500946,0.08888722871423589
540,-0.3338058526480126,0.27674519370571404,-0.10570628990421001,0.20376934444288788
541,0.15177086030826864,0.12922231929866076,0.2421050061916645,-0.09548353181006103
542,-0.16322448808279255,-0.2818617694988175,0.2745204560190945,-0.015904646436405784
543,-0.322732000086762,-0.24521073064576582,0.4548200583307582,-0.047955192675855685
544,-0.2673361981857908,-0.04429052070163793,0.02591532682262891,-0.019079545973765905
545,-0.3054533812730433,-0.18341068570496072,0.1873307500737025,0.007722033374935371
546,-0.6924744300954324,0.022640035630972718,-0.07530421090885307,-0.04319682660936284
547,-0.43882445977602635,0.28807740061796727,-0.05349770408197983,-0.019704006253632014
548,-0.6543599841696865,0.03849822475499777,0.11279763463953618,0.05155956458275789
549,-0.4928162862028582,0.019883616442710163,0.34605382153298647,0.09079273650961503
550,-0.7718841987274697,-0.14932686712119303,0.1613019980283918,0.13668455882579592
551,-0.3786622175602987,0.15288004378485037,0.19322765876626669,0.07361883854866379
552,-0.4303536495130043,-0.23952696574125623,0.4692089586198332,-0.0449440265437705
553,-0.6543996999185278,0.1716452062969499,0.20643927226540715,0.28923260195395756
554,-0.3179711719647714,-0.15479794901544913,0.45869970685816963,-0.052691768392416384
555,-0.35822392261862335,0.16532687267042925,0.4939103860735115,0.07580761851835592
556,-0.6625296737639956,0.115761930054095,0.10947840620305191,0.1946591091610341
557,-0.7404388423642234,-0.027931487886692072,0.5923837928045583,0.23964083412433293
558,6.735588370716863e-05,-0.058979903422638105,0.1309392908310956,0.05000722657822912
559,-0.1721041612327124,0.1551996118510885,0.49164754329166016,0.05724283798301253
560,-0.08971821469031939,-0.06382241639313428,0.3297106472086388,0.05201585605047013
561,-0.768077804577719,-0.3550247805671239,0.7744304621994854,0.21511997981791608
562,1.002162846082555,0.5685339535317437,0.49043262996802,-0.40468880378529193
563,1.359346800161762,-0.017248442512201884,-0.020035526501740356,0.17693898583196307
564,1.0028397975317347,-0.47478467937974494,-0.1000408074518216,0.27299469297124646
565,0.6207565381091616,-0.5172003928447285,0.4003604762719557,0.18244330740971496
566,0.2263113134576212,-0.2879457657496931,0.3152240269047074,-0.011746804352650759
567,1.6778336886227212,0.3359459546693769,0.29611600679145866,-0.1563048412551317
568,-0.9050680409529964,-0.10410874615694178,0.38285991583459156,0.0683605060454317
